Sample_name;Number_of_read-pairs;Yield_in_mbp;Average_quality
e4032057144_NBCLAB5351a_Mock1_EG007_C_A1_POOL1_82054_41_ACTCGCTACTCTCTAT_L001_merged_trimmed_filtered;48882;28;36.16
e4032057144_NBCLAB5351b_Mock1_EG007_C_B3_POOL1_82054_58_GCGTAGTATATCCTCT_L001_merged_trimmed_filtered;43072;25;36.03
e4032057144_NBCLAB5351c_Mock1_EG007_C_H3_POOL1_82054_64_GCGTAGTATCTCTCCG_L001_merged_trimmed_filtered;45868;26;35.95
e4032057144_NBCLAB5351d_Mock1_EG007_C_F4_POOL1_82054_70_CGGAGCCTCTAAGCCT_L001_merged_trimmed_filtered;43844;25;36.04
e4032057144_NBCLAB5351e_Mock1_EG007_C_D5_POOL1_82054_76_TACGCTGCACTGCATA_L001_merged_trimmed_filtered;36344;21;35.9
e4032057145_NBCLAB5453a_S_UPG90_15_EG007_C_A2_POOL1_82054_49_GGAGCTACCTCTCTAT_L001_merged_trimmed_filtered;74389;39;36.33
e4032057145_NBCLAB5453b_S_UPG90_15_EG007_C_D6_POOL1_82054_84_ATGCGCAGACTGCATA_L001_merged_trimmed_filtered;63753;33;35.98
e4032057145_NBCLAB5453c_S_UPG90_15_EG007_C_G7_POOL1_82054_95_TAGCGCTCCGTCTAAT_L001_merged_trimmed_filtered;67207;37;36.31
e4032057145_NBCLAB5453d_S_UPG90_15_EG007_C_H9_POOL1_82054_112_CCTAAGACTCTCTCCG_L001_merged_trimmed_filtered;67028;36;36.05
e4032057145_NBCLAB5453e_S_UPG90_15_EG007_C_A11_POOL1_82054_121_TGCAGCTACTCTCTAT_L001_merged_trimmed_filtered;59822;33;36.3
e4032057145_NBCLAB5453f_S_UPG90_15_EG007_C_B12_POOL1_82054_130_TCGACGTCTATCCTCT_L001_merged_trimmed_filtered;70414;38;36.3
e4032057145_NBCLAB5453g_S_UPG90_15_EG008_B_D1_POOL1_82054_3_TAAGGCGAGCGTAAGA_L001_merged_trimmed_filtered;76556;44;36.14
e4032057146_NBCLAB5461a_E_UPG90_6_EG007_C_G2_POOL1_82054_55_GGAGCTACCGTCTAAT_L001_merged_trimmed_filtered;62048;36;36.17
e4032057146_NBCLAB5461b_E_UPG90_6_EG007_C_F6_POOL1_82054_86_ATGCGCAGCTAAGCCT_L001_merged_trimmed_filtered;59718;35;36.16
e4032057146_NBCLAB5461c_E_UPG90_6_EG007_C_G8_POOL1_82054_103_ACTGAGCGCGTCTAAT_L001_merged_trimmed_filtered;82674;44;36.15
e4032057146_NBCLAB5461d_E_UPG90_6_EG008_B_D2_POOL1_82054_11_CGTACTAGGCGTAAGA_L001_merged_trimmed_filtered;63184;37;36.2
e4032057147_NBCLAB5469a_E_UPG82_rf2_EG007_C_A3_POOL1_82054_57_GCGTAGTACTCTCTAT_L001_merged_trimmed_filtered;76358;43;36.28
e4032057147_NBCLAB5469b_E_UPG82_rf2_EG007_C_C7_POOL1_82054_91_TAGCGCTCGTAAGGAG_L001_merged_trimmed_filtered;62362;36;36.36
e4032057147_NBCLAB5469c_E_UPG82_rf2_EG007_C_E9_POOL1_82054_109_CCTAAGACAAGGAGTA_L001_merged_trimmed_filtered;69473;38;35.94
e4032057147_NBCLAB5469d_E_UPG82_rf2_EG008_B_A5_POOL1_82054_32_GGACTCCTTCGACTAG_L001_merged_trimmed_filtered;67333;39;36.21
e4032057147_NBCLAB5469e_E_UPG82_rf2_EG008_B_B5_POOL1_82054_33_GGACTCCTTTCTAGCT_L001_merged_trimmed_filtered;60510;35;36.47
e4032057156_NBCLAB5352a_Mock2_EG007_C_B1_POOL1_82054_42_ACTCGCTATATCCTCT_L001_merged_trimmed_filtered;55348;32;36.27
e4032057156_NBCLAB5352b_Mock2_EG007_C_C3_POOL1_82054_59_GCGTAGTAGTAAGGAG_L001_merged_trimmed_filtered;44697;26;36.03
e4032057156_NBCLAB5352c_Mock2_EG007_C_A4_POOL1_82054_65_CGGAGCCTCTCTCTAT_L001_merged_trimmed_filtered;53447;31;36.25
e4032057156_NBCLAB5352d_Mock2_EG007_C_G4_POOL1_82054_71_CGGAGCCTCGTCTAAT_L001_merged_trimmed_filtered;60623;36;36.22
e4032057156_NBCLAB5352e_Mock2_EG007_C_E5_POOL1_82054_77_TACGCTGCAAGGAGTA_L001_merged_trimmed_filtered;56635;33;35.94
e4032057157_NBCLAB5454a_S_UPG91_rf1_EG007_C_B2_POOL1_82054_50_GGAGCTACTATCCTCT_L001_merged_trimmed_filtered;60388;31;36.24
e4032057157_NBCLAB5454b_S_UPG91_rf1_EG007_C_H7_POOL1_82054_96_TAGCGCTCTCTCTCCG_L001_merged_trimmed_filtered;76911;40;36.14
e4032057157_NBCLAB5454c_S_UPG91_rf1_EG007_C_A10_POOL1_82054_113_CGATCAGTCTCTCTAT_L001_merged_trimmed_filtered;66562;34;36.09
e4032057157_NBCLAB5454d_S_UPG91_rf1_EG007_C_B11_POOL1_82054_122_TGCAGCTATATCCTCT_L001_merged_trimmed_filtered;62838;33;36.18
e4032057157_NBCLAB5454e_S_UPG91_rf1_EG007_C_C12_POOL1_82054_131_TCGACGTCGTAAGGAG_L001_merged_trimmed_filtered;79153;43;35.95
e4032057157_NBCLAB5454f_S_UPG91_rf1_EG008_B_E1_POOL1_82054_4_TAAGGCGACTATTAAG_L001_merged_trimmed_filtered;98793;53;36.17
e4032057158_NBCLAB5462a_E_UPG90_12_EG007_C_G6_POOL1_82054_87_ATGCGCAGCGTCTAAT_L001_merged_trimmed_filtered;71522;42;36.33
e4032057158_NBCLAB5462b_E_UPG90_12_EG007_C_H8_POOL1_82054_104_ACTGAGCGTCTCTCCG_L001_merged_trimmed_filtered;60287;34;36.21
e4032057158_NBCLAB5462c_E_UPG90_12_EG008_B_E2_POOL1_82054_12_CGTACTAGCTATTAAG_L001_merged_trimmed_filtered;62243;37;36.28
e4032057158_NBCLAB5462d_E_UPG90_12_EG008_B_F2_POOL1_82054_13_CGTACTAGAAGGCTAT_L001_merged_trimmed_filtered;70294;40;36.23
e4032057158_NBCLAB5462e_E_UPG90_12_EG008_B_G2_POOL1_82054_14_CGTACTAGGAGCCTTA_L001_merged_trimmed_filtered;80258;47;36.11
e4032057158_NBCLAB5462f_E_UPG90_12_EG008_B_H2_POOL1_82054_15_CGTACTAGTTATGCGA_L001_merged_trimmed_filtered;86998;49;36.12
e4032057159_NBCLAB5470a_E_UPG82_rf3_EG007_C_D7_POOL1_82054_92_TAGCGCTCACTGCATA_L001_merged_trimmed_filtered;76998;46;36.41
e4032057159_NBCLAB5470b_E_UPG82_rf3_EG007_C_F9_POOL1_82054_110_CCTAAGACCTAAGCCT_L001_merged_trimmed_filtered;58014;33;36.24
e4032057159_NBCLAB5470c_E_UPG82_rf3_EG008_B_C5_POOL1_82054_34_GGACTCCTCCTAGAGT_L001_merged_trimmed_filtered;78317;46;36.37
e4032057159_NBCLAB5470d_E_UPG82_rf3_EG008_B_D5_POOL1_82054_35_GGACTCCTGCGTAAGA_L001_merged_trimmed_filtered;71478;42;36.43
e4032057159_NBCLAB5470e_E_UPG82_rf3_EG008_B_E5_POOL1_82054_36_GGACTCCTCTATTAAG_L001_merged_trimmed_filtered;76429;45;36.52
e4032057159_NBCLAB5470f_E_UPG82_rf3_EG008_B_F5_POOL1_82054_37_GGACTCCTAAGGCTAT_L001_merged_trimmed_filtered;112398;65;36.44
e4032057168_NBCLAB5353a_Mock3_EG007_C_C1_POOL1_82054_43_ACTCGCTAGTAAGGAG_L001_merged_trimmed_filtered;46979;27;36.09
e4032057168_NBCLAB5353b_Mock3_EG007_C_D3_POOL1_82054_60_GCGTAGTAACTGCATA_L001_merged_trimmed_filtered;50271;29;35.89
e4032057168_NBCLAB5353c_Mock3_EG007_C_B4_POOL1_82054_66_CGGAGCCTTATCCTCT_L001_merged_trimmed_filtered;47515;28;36.19
e4032057168_NBCLAB5353d_Mock3_EG007_C_H4_POOL1_82054_72_CGGAGCCTTCTCTCCG_L001_merged_trimmed_filtered;52566;31;35.96
e4032057168_NBCLAB5353e_Mock3_EG007_C_F5_POOL1_82054_78_TACGCTGCCTAAGCCT_L001_merged_trimmed_filtered;47202;28;36.07
e4032057169_NBCLAB5455a_S_UPG92_rf1_EG007_C_C2_POOL1_82054_51_GGAGCTACGTAAGGAG_L001_merged_trimmed_filtered;58872;31;36.11
e4032057169_NBCLAB5455b_S_UPG92_rf1_EG007_C_E6_POOL1_82054_85_ATGCGCAGAAGGAGTA_L001_merged_trimmed_filtered;67653;33;35.78
e4032057169_NBCLAB5455c_S_UPG92_rf1_EG007_C_A8_POOL1_82054_97_ACTGAGCGCTCTCTAT_L001_merged_trimmed_filtered;87688;41;36.02
e4032057169_NBCLAB5455d_S_UPG92_rf1_EG007_C_B10_POOL1_82054_114_CGATCAGTTATCCTCT_L001_merged_trimmed_filtered;102835;53;36.04
e4032057169_NBCLAB5455e_S_UPG92_rf1_EG007_C_C11_POOL1_82054_123_TGCAGCTAGTAAGGAG_L001_merged_trimmed_filtered;88867;49;36.14
e4032057169_NBCLAB5455f_S_UPG92_rf1_EG007_C_D12_POOL1_82054_132_TCGACGTCACTGCATA_L001_merged_trimmed_filtered;99604;57;36.2
e4032057169_NBCLAB5455g_S_UPG92_rf1_EG008_B_F1_POOL1_82054_5_TAAGGCGAAAGGCTAT_L001_merged_trimmed_filtered;90328;50;36.16
e4032057170_NBCLAB5463a_E_UPG90_15_EG007_C_H2_POOL1_82054_56_GGAGCTACTCTCTCCG_L001_merged_trimmed_filtered;42013;24;35.77
e4032057170_NBCLAB5463b_E_UPG90_15_EG007_C_H6_POOL1_82054_88_ATGCGCAGTCTCTCCG_L001_merged_trimmed_filtered;73003;41;36.14
e4032057170_NBCLAB5463c_E_UPG90_15_EG008_B_A3_POOL1_82054_16_AGGCAGAATCGACTAG_L001_merged_trimmed_filtered;85630;48;36.19
e4032057170_NBCLAB5463d_E_UPG90_15_EG008_B_B3_POOL1_82054_17_AGGCAGAATTCTAGCT_L001_merged_trimmed_filtered;79629;45;36.3
e4032057170_NBCLAB5463e_E_UPG90_15_EG008_B_C3_POOL1_82054_18_AGGCAGAACCTAGAGT_L001_merged_trimmed_filtered;75531;41;36.02
e4032057170_NBCLAB5463f_E_UPG90_15_EG008_B_D3_POOL1_82054_19_AGGCAGAAGCGTAAGA_L001_merged_trimmed_filtered;73550;42;36.11
e4032057180_NBCLAB5354a_Mock4_EG007_C_D1_POOL1_82054_44_ACTCGCTAACTGCATA_L001_merged_trimmed_filtered;49374;29;36.11
e4032057180_NBCLAB5354b_Mock4_EG007_C_E3_POOL1_82054_61_GCGTAGTAAAGGAGTA_L001_merged_trimmed_filtered;45409;27;35.95
e4032057180_NBCLAB5354c_Mock4_EG007_C_C4_POOL1_82054_67_CGGAGCCTGTAAGGAG_L001_merged_trimmed_filtered;61866;36;36.16
e4032057180_NBCLAB5354d_Mock4_EG007_C_A5_POOL1_82054_73_TACGCTGCCTCTCTAT_L001_merged_trimmed_filtered;45524;27;36.24
e4032057180_NBCLAB5354e_Mock4_EG007_C_G5_POOL1_82054_79_TACGCTGCCGTCTAAT_L001_merged_trimmed_filtered;55951;33;36.22
e4032057181_NBCLAB5456a_S_UPG92_rf2_EG007_C_B8_POOL1_82054_98_ACTGAGCGTATCCTCT_L001_merged_trimmed_filtered;64243;34;36.34
e4032057181_NBCLAB5456b_S_UPG92_rf2_EG007_C_C10_POOL1_82054_115_CGATCAGTGTAAGGAG_L001_merged_trimmed_filtered;66061;37;36.3
e4032057181_NBCLAB5456c_S_UPG92_rf2_EG007_C_D11_POOL1_82054_124_TGCAGCTAACTGCATA_L001_merged_trimmed_filtered;46450;27;35.99
e4032057181_NBCLAB5456d_S_UPG92_rf2_EG007_C_E12_POOL1_82054_133_TCGACGTCAAGGAGTA_L001_merged_trimmed_filtered;59114;34;36.08
e4032057181_NBCLAB5456e_S_UPG92_rf2_EG008_B_G1_POOL1_82054_6_TAAGGCGAGAGCCTTA_L001_merged_trimmed_filtered;80127;47;36.1
e4032057182_NBCLAB5464a_E_UPG91_rf1_EG007_C_A9_POOL1_82054_105_CCTAAGACCTCTCTAT_L001_merged_trimmed_filtered;66351;38;36.25
e4032057182_NBCLAB5464b_E_UPG91_rf1_EG008_B_E3_POOL1_82054_20_AGGCAGAACTATTAAG_L001_merged_trimmed_filtered;57377;34;36.44
e4032057182_NBCLAB5464c_E_UPG91_rf1_EG008_B_F3_POOL1_82054_21_AGGCAGAAAAGGCTAT_L001_merged_trimmed_filtered;68657;40;36.03
e4032057192_NBCLAB5166a_Mock5_EG007_C_E1_POOL1_82054_45_ACTCGCTAAAGGAGTA_L001_merged_trimmed_filtered;50560;30;36.16
e4032057192_NBCLAB5166b_Mock5_EG007_C_F3_POOL1_82054_62_GCGTAGTACTAAGCCT_L001_merged_trimmed_filtered;29007;17;36.11
e4032057192_NBCLAB5166c_Mock5_EG007_C_D4_POOL1_82054_68_CGGAGCCTACTGCATA_L001_merged_trimmed_filtered;50972;30;36.17
e4032057192_NBCLAB5166d_Mock5_EG007_C_B5_POOL1_82054_74_TACGCTGCTATCCTCT_L001_merged_trimmed_filtered;50084;29;36.31
e4032057192_NBCLAB5166e_Mock5_EG007_C_H5_POOL1_82054_80_TACGCTGCTCTCTCCG_L001_merged_trimmed_filtered;53014;31;36.19
e4032057193_NBCLAB5457a_S_UPG92_rf3_EG007_C_C8_POOL1_82054_99_ACTGAGCGGTAAGGAG_L001_merged_trimmed_filtered;83643;42;36.17
e4032057193_NBCLAB5457b_S_UPG92_rf3_EG007_C_D10_POOL1_82054_116_CGATCAGTACTGCATA_L001_merged_trimmed_filtered;66112;35;36.13
e4032057193_NBCLAB5457c_S_UPG92_rf3_EG007_C_E11_POOL1_82054_125_TGCAGCTAAAGGAGTA_L001_merged_trimmed_filtered;65573;36;36.16
e4032057193_NBCLAB5457d_S_UPG92_rf3_EG007_C_F12_POOL1_82054_134_TCGACGTCCTAAGCCT_L001_merged_trimmed_filtered;62656;35;36.3
e4032057193_NBCLAB5457e_S_UPG92_rf3_EG008_B_H1_POOL1_82054_7_TAAGGCGATTATGCGA_L001_merged_trimmed_filtered;88189;50;36.27
e4032057194_NBCLAB5465a_E_UPG92_rf1_EG007_C_A7_POOL1_82054_89_TAGCGCTCCTCTCTAT_L001_merged_trimmed_filtered;59059;34;36.49
e4032057194_NBCLAB5465b_E_UPG92_rf1_EG007_C_B9_POOL1_82054_106_CCTAAGACTATCCTCT_L001_merged_trimmed_filtered;61873;36;36.28
e4032057194_NBCLAB5465c_E_UPG92_rf1_EG008_B_G3_POOL1_82054_22_AGGCAGAAGAGCCTTA_L001_merged_trimmed_filtered;66511;39;36.23
e4032057194_NBCLAB5465d_E_UPG92_rf1_EG008_B_H3_POOL1_82054_23_AGGCAGAATTATGCGA_L001_merged_trimmed_filtered;86519;48;36.27
e4032057194_NBCLAB5465e_E_UPG92_rf1_EG008_B_A4_POOL1_82054_24_TCCTGAGCTCGACTAG_L001_merged_trimmed_filtered;65844;39;36.41
e4032057194_NBCLAB5465f_E_UPG92_rf1_EG008_B_B4_POOL1_82054_25_TCCTGAGCTTCTAGCT_L001_merged_trimmed_filtered;57424;34;36.43
e4032057204_NBCLAB5450a_Mock6_EG007_C_F1_POOL1_82054_46_ACTCGCTACTAAGCCT_L001_merged_trimmed_filtered;33579;19;36.14
e4032057204_NBCLAB5450b_Mock6_EG007_C_G3_POOL1_82054_63_GCGTAGTACGTCTAAT_L001_merged_trimmed_filtered;35196;20;35.93
e4032057204_NBCLAB5450c_Mock6_EG007_C_E4_POOL1_82054_69_CGGAGCCTAAGGAGTA_L001_merged_trimmed_filtered;58261;33;36.15
e4032057204_NBCLAB5450d_Mock6_EG007_C_C5_POOL1_82054_75_TACGCTGCGTAAGGAG_L001_merged_trimmed_filtered;54042;32;36.05
e4032057204_NBCLAB5450e_Mock6_EG007_C_A6_POOL1_82054_81_ATGCGCAGCTCTCTAT_L001_merged_trimmed_filtered;48952;28;36.15
e4032057205_NBCLAB5458a_S_UPG82_rf1_EG007_C_D2_POOL1_82054_52_GGAGCTACACTGCATA_L001_merged_trimmed_filtered;65039;35;36.3
e4032057205_NBCLAB5458b_S_UPG82_rf1_EG007_C_D8_POOL1_82054_100_ACTGAGCGACTGCATA_L001_merged_trimmed_filtered;89761;41;35.97
e4032057205_NBCLAB5458c_S_UPG82_rf1_EG007_C_E10_POOL1_82054_117_CGATCAGTAAGGAGTA_L001_merged_trimmed_filtered;69667;31;35.91
e4032057205_NBCLAB5458d_S_UPG82_rf1_EG007_C_F11_POOL1_82054_126_TGCAGCTACTAAGCCT_L001_merged_trimmed_filtered;60785;32;36.18
e4032057205_NBCLAB5458e_S_UPG82_rf1_EG007_C_G12_POOL1_82054_135_TCGACGTCCGTCTAAT_L001_merged_trimmed_filtered;77347;41;36.25
e4032057205_NBCLAB5458f_S_UPG82_rf1_EG008_B_A2_POOL1_82054_8_CGTACTAGTCGACTAG_L001_merged_trimmed_filtered;79545;44;36.22
e4032057206_NBCLAB5466a_E_UPG92_rf2_EG007_C_C9_POOL1_82054_107_CCTAAGACGTAAGGAG_L001_merged_trimmed_filtered;66025;38;36.14
e4032057206_NBCLAB5466b_E_UPG92_rf2_EG008_B_C4_POOL1_82054_26_TCCTGAGCCCTAGAGT_L001_merged_trimmed_filtered;55358;33;36.17
e4032057206_NBCLAB5466c_E_UPG92_rf2_EG008_B_D4_POOL1_82054_27_TCCTGAGCGCGTAAGA_L001_merged_trimmed_filtered;61060;36;36.26
e4032057206_NBCLAB5466d_E_UPG92_rf2_EG008_B_E4_POOL1_82054_28_TCCTGAGCCTATTAAG_L001_merged_trimmed_filtered;66078;39;36.28
e4032057206_NBCLAB5466e_E_UPG92_rf2_EG008_B_F4_POOL1_82054_29_TCCTGAGCAAGGCTAT_L001_merged_trimmed_filtered;52743;30;36.32
e4032057216_NBCLAB5451a_S_UPG90_6_EG007_C_G1_POOL1_82054_47_ACTCGCTACGTCTAAT_L001_merged_trimmed_filtered;82770;41;36.17
e4032057216_NBCLAB5451b_S_UPG90_6_EG007_C_B6_POOL1_82054_82_ATGCGCAGTATCCTCT_L001_merged_trimmed_filtered;102922;47;35.92
e4032057216_NBCLAB5451c_S_UPG90_6_EG007_C_E7_POOL1_82054_93_TAGCGCTCAAGGAGTA_L001_merged_trimmed_filtered;69457;40;36.27
e4032057216_NBCLAB5451d_S_UPG90_6_EG008_B_G5_POOL1_82054_38_GGACTCCTGAGCCTTA_L001_merged_trimmed_filtered;78883;44;36.3
e4032057216_NBCLAB5451e_S_UPG90_6_EG008_B_H5_POOL1_82054_39_GGACTCCTTTATGCGA_L001_merged_trimmed_filtered;77035;43;36.33
e4032057216_NBCLAB5451f_S_UPG90_6_EG008_B_A6_POOL1_82054_40_TAGGCATGTCGACTAG_L001_merged_trimmed_filtered;92167;53;35.95
e4032057217_NBCLAB5459a_S_UPG82_rf2_EG007_C_E2_POOL1_82054_53_GGAGCTACAAGGAGTA_L001_merged_trimmed_filtered;69343;38;36.36
e4032057217_NBCLAB5459b_S_UPG82_rf2_EG007_C_E8_POOL1_82054_101_ACTGAGCGAAGGAGTA_L001_merged_trimmed_filtered;103281;46;35.95
e4032057217_NBCLAB5459c_S_UPG82_rf2_EG007_C_F10_POOL1_82054_118_CGATCAGTCTAAGCCT_L001_merged_trimmed_filtered;58906;32;36.18
e4032057217_NBCLAB5459d_S_UPG82_rf2_EG007_C_G11_POOL1_82054_127_TGCAGCTACGTCTAAT_L001_merged_trimmed_filtered;62952;34;36.32
e4032057217_NBCLAB5459e_S_UPG82_rf2_EG008_B_A1_POOL1_82054_0_TAAGGCGATCGACTAG_L001_merged_trimmed_filtered;72995;40;36.05
e4032057217_NBCLAB5459f_S_UPG82_rf2_EG008_B_B2_POOL1_82054_9_CGTACTAGTTCTAGCT_L001_merged_trimmed_filtered;64689;36;36.34
e4032057218_NBCLAB5467a_E_UPG92_rf3_EG007_C_B7_POOL1_82054_90_TAGCGCTCTATCCTCT_L001_merged_trimmed_filtered;65728;37;36.38
e4032057218_NBCLAB5467b_E_UPG92_rf3_EG007_C_D9_POOL1_82054_108_CCTAAGACACTGCATA_L001_merged_trimmed_filtered;80680;46;35.91
e4032057218_NBCLAB5467c_E_UPG92_rf3_EG008_B_G4_POOL1_82054_30_TCCTGAGCGAGCCTTA_L001_merged_trimmed_filtered;82109;48;36.2
e4032057218_NBCLAB5467d_E_UPG92_rf3_EG008_B_H4_POOL1_82054_31_TCCTGAGCTTATGCGA_L001_merged_trimmed_filtered;64064;37;36.29
e4032057228_NBCLAB5452a_S_UPG90_12_EG007_C_H1_POOL1_82054_48_ACTCGCTATCTCTCCG_L001_merged_trimmed_filtered;80600;38;36.04
e4032057228_NBCLAB5452b_S_UPG90_12_EG007_C_C6_POOL1_82054_83_ATGCGCAGGTAAGGAG_L001_merged_trimmed_filtered;89589;41;35.92
e4032057228_NBCLAB5452c_S_UPG90_12_EG007_C_F7_POOL1_82054_94_TAGCGCTCCTAAGCCT_L001_merged_trimmed_filtered;62052;35;36.2
e4032057228_NBCLAB5452d_S_UPG90_12_EG007_C_G9_POOL1_82054_111_CCTAAGACCGTCTAAT_L001_merged_trimmed_filtered;76362;41;36.12
e4032057228_NBCLAB5452e_S_UPG90_12_EG007_C_H10_POOL1_82054_120_CGATCAGTTCTCTCCG_L001_merged_trimmed_filtered;62307;34;36.15
e4032057228_NBCLAB5452f_S_UPG90_12_EG007_C_A12_POOL1_82054_129_TCGACGTCCTCTCTAT_L001_merged_trimmed_filtered;81840;45;36.29
e4032057228_NBCLAB5452g_S_UPG90_12_EG008_B_C1_POOL1_82054_2_TAAGGCGACCTAGAGT_L001_merged_trimmed_filtered;94647;53;36.12
e4032057229_NBCLAB5460a_S_UPG82_rf3_EG007_C_F2_POOL1_82054_54_GGAGCTACCTAAGCCT_L001_merged_trimmed_filtered;37527;22;36.41
e4032057229_NBCLAB5460b_S_UPG82_rf3_EG007_C_F8_POOL1_82054_102_ACTGAGCGCTAAGCCT_L001_merged_trimmed_filtered;48815;28;36.39
e4032057229_NBCLAB5460c_S_UPG82_rf3_EG007_C_G10_POOL1_82054_119_CGATCAGTCGTCTAAT_L001_merged_trimmed_filtered;34688;20;36.39
e4032057229_NBCLAB5460d_S_UPG82_rf3_EG007_C_H11_POOL1_82054_128_TGCAGCTATCTCTCCG_L001_merged_trimmed_filtered;31862;18;36.41
e4032057229_NBCLAB5460e_S_UPG82_rf3_EG008_B_B1_POOL1_82054_1_TAAGGCGATTCTAGCT_L001_merged_trimmed_filtered;61569;36;36.41
e4032057229_NBCLAB5460f_S_UPG82_rf3_EG008_B_C2_POOL1_82054_10_CGTACTAGCCTAGAGT_L001_merged_trimmed_filtered;51254;30;36.41
